<?xml version="1.0"?>
<jobs>
 <job genre="execute">
 <startmsg>SmartServices_Cfg_generated.c</startmsg>
 <command>"D:\dSPACE\DSPACE~1.4\build\compiler\gcc\5ACE3~1.5_L\target\X86_64~1\bin\x86_64-linux-gnu-gcc.exe" -x c @.\BinaryArtifacts\KL15_dummy_check\HostPCLinux64_GCC\cCompOpt.dcd -o .\\BinaryArtifacts\\KL15_dummy_check\\HostPCLinux64_GCC\\SmartServices_Cfg_generated.o .\GeneratedCode\GeneratedFiles\SmartServices_Cfg_generated.c </command>
 <errmsg>COMPILING FAILED  .\GeneratedCode\GeneratedFiles\SmartServices_Cfg_generated.c</errmsg>
 </job>
 <job genre="execute">
 <startmsg>SmartServices.c</startmsg>
 <command>"D:\dSPACE\DSPACE~1.4\build\compiler\gcc\5ACE3~1.5_L\target\X86_64~1\bin\x86_64-linux-gnu-gcc.exe" -x c @.\BinaryArtifacts\KL15_dummy_check\HostPCLinux64_GCC\cCompOpt.dcd -o .\\BinaryArtifacts\\KL15_dummy_check\\HostPCLinux64_GCC\\SmartServices.o .\GeneratedCode\GenericCode\SmartServices\SmartServices.c </command>
 <errmsg>COMPILING FAILED  .\GeneratedCode\GenericCode\SmartServices\SmartServices.c</errmsg>
 </job>
 <job genre="execute">
 <startmsg>SicAppFrm_FunMod_generated.c</startmsg>
 <command>"D:\dSPACE\DSPACE~1.4\build\compiler\gcc\5ACE3~1.5_L\target\X86_64~1\bin\x86_64-linux-gnu-gcc.exe" -x c @.\BinaryArtifacts\KL15_dummy_check\HostPCLinux64_GCC\cCompOpt.dcd -o .\\BinaryArtifacts\\KL15_dummy_check\\HostPCLinux64_GCC\\SicAppFrm_FunMod_generated.o .\GeneratedCode\GeneratedFiles\SicAppFrm_FunMod_generated.c </command>
 <errmsg>COMPILING FAILED  .\GeneratedCode\GeneratedFiles\SicAppFrm_FunMod_generated.c</errmsg>
 </job>
 <job genre="execute">
 <startmsg>SicAppFrm_Task_generated.c</startmsg>
 <command>"D:\dSPACE\DSPACE~1.4\build\compiler\gcc\5ACE3~1.5_L\target\X86_64~1\bin\x86_64-linux-gnu-gcc.exe" -x c @.\BinaryArtifacts\KL15_dummy_check\HostPCLinux64_GCC\cCompOpt.dcd -o .\\BinaryArtifacts\\KL15_dummy_check\\HostPCLinux64_GCC\\SicAppFrm_Task_generated.o .\GeneratedCode\GeneratedFiles\SicAppFrm_Task_generated.c </command>
 <errmsg>COMPILING FAILED  .\GeneratedCode\GeneratedFiles\SicAppFrm_Task_generated.c</errmsg>
 </job>
 <job genre="execute">
 <startmsg>SicAppFrm_AccPt_generated.c</startmsg>
 <command>"D:\dSPACE\DSPACE~1.4\build\compiler\gcc\5ACE3~1.5_L\target\X86_64~1\bin\x86_64-linux-gnu-gcc.exe" -x c @.\BinaryArtifacts\KL15_dummy_check\HostPCLinux64_GCC\cCompOpt.dcd -o .\\BinaryArtifacts\\KL15_dummy_check\\HostPCLinux64_GCC\\SicAppFrm_AccPt_generated.o .\GeneratedCode\GeneratedFiles\SicAppFrm_AccPt_generated.c </command>
 <errmsg>COMPILING FAILED  .\GeneratedCode\GeneratedFiles\SicAppFrm_AccPt_generated.c</errmsg>
 </job>
 <job genre="execute">
 <startmsg>SicAppFrm.c</startmsg>
 <command>"D:\dSPACE\DSPACE~1.4\build\compiler\gcc\5ACE3~1.5_L\target\X86_64~1\bin\x86_64-linux-gnu-gcc.exe" -x c @.\BinaryArtifacts\KL15_dummy_check\HostPCLinux64_GCC\cCompOpt.dcd -o .\\BinaryArtifacts\\KL15_dummy_check\\HostPCLinux64_GCC\\SicAppFrm.o .\GeneratedCode\GenericCode\SicApplicationFrame\SicAppFrm.c </command>
 <errmsg>COMPILING FAILED  .\GeneratedCode\GenericCode\SicApplicationFrame\SicAppFrm.c</errmsg>
 </job>
 <job genre="execute">
 <startmsg>SicAppFrm_Queue.c</startmsg>
 <command>"D:\dSPACE\DSPACE~1.4\build\compiler\gcc\5ACE3~1.5_L\target\X86_64~1\bin\x86_64-linux-gnu-gcc.exe" -x c @.\BinaryArtifacts\KL15_dummy_check\HostPCLinux64_GCC\cCompOpt.dcd -o .\\BinaryArtifacts\\KL15_dummy_check\\HostPCLinux64_GCC\\SicAppFrm_Queue.o .\GeneratedCode\GenericCode\SicApplicationFrame\SicAppFrm_Queue.c </command>
 <errmsg>COMPILING FAILED  .\GeneratedCode\GenericCode\SicApplicationFrame\SicAppFrm_Queue.c</errmsg>
 </job>
 <job genre="execute">
 <startmsg>VEOS_Api.c</startmsg>
 <command>"D:\dSPACE\DSPACE~1.4\build\compiler\gcc\5ACE3~1.5_L\target\X86_64~1\bin\x86_64-linux-gnu-gcc.exe" -x c @.\BinaryArtifacts\KL15_dummy_check\HostPCLinux64_GCC\cCompOpt.dcd -o .\\BinaryArtifacts\\KL15_dummy_check\\HostPCLinux64_GCC\\VEOS_Api.o .\GeneratedCode\GenericCode\VeosFrame\VEOS_Api.c </command>
 <errmsg>COMPILING FAILED  .\GeneratedCode\GenericCode\VeosFrame\VEOS_Api.c</errmsg>
 </job>
 <job genre="execute">
 <startmsg>VEOS_BusApi.c</startmsg>
 <command>"D:\dSPACE\DSPACE~1.4\build\compiler\gcc\5ACE3~1.5_L\target\X86_64~1\bin\x86_64-linux-gnu-gcc.exe" -x c @.\BinaryArtifacts\KL15_dummy_check\HostPCLinux64_GCC\cCompOpt.dcd -o .\\BinaryArtifacts\\KL15_dummy_check\\HostPCLinux64_GCC\\VEOS_BusApi.o .\GeneratedCode\GenericCode\VeosFrame\VEOS_BusApi.c </command>
 <errmsg>COMPILING FAILED  .\GeneratedCode\GenericCode\VeosFrame\VEOS_BusApi.c</errmsg>
 </job>
 <job genre="execute">
 <startmsg>VEOS_ExpApi.c</startmsg>
 <command>"D:\dSPACE\DSPACE~1.4\build\compiler\gcc\5ACE3~1.5_L\target\X86_64~1\bin\x86_64-linux-gnu-gcc.exe" -x c @.\BinaryArtifacts\KL15_dummy_check\HostPCLinux64_GCC\cCompOpt.dcd -o .\\BinaryArtifacts\\KL15_dummy_check\\HostPCLinux64_GCC\\VEOS_ExpApi.o .\GeneratedCode\GenericCode\VeosFrame\VEOS_ExpApi.c </command>
 <errmsg>COMPILING FAILED  .\GeneratedCode\GenericCode\VeosFrame\VEOS_ExpApi.c</errmsg>
 </job>
 <job genre="execute">
 <startmsg>VEOS_SimApi.c</startmsg>
 <command>"D:\dSPACE\DSPACE~1.4\build\compiler\gcc\5ACE3~1.5_L\target\X86_64~1\bin\x86_64-linux-gnu-gcc.exe" -x c @.\BinaryArtifacts\KL15_dummy_check\HostPCLinux64_GCC\cCompOpt.dcd -o .\\BinaryArtifacts\\KL15_dummy_check\\HostPCLinux64_GCC\\VEOS_SimApi.o .\GeneratedCode\GenericCode\VeosFrame\VEOS_SimApi.c </command>
 <errmsg>COMPILING FAILED  .\GeneratedCode\GenericCode\VeosFrame\VEOS_SimApi.c</errmsg>
 </job>
 <job genre="execute">
 <startmsg>VEOS_NotiApi.c</startmsg>
 <command>"D:\dSPACE\DSPACE~1.4\build\compiler\gcc\5ACE3~1.5_L\target\X86_64~1\bin\x86_64-linux-gnu-gcc.exe" -x c @.\BinaryArtifacts\KL15_dummy_check\HostPCLinux64_GCC\cCompOpt.dcd -o .\\BinaryArtifacts\\KL15_dummy_check\\HostPCLinux64_GCC\\VEOS_NotiApi.o .\GeneratedCode\GenericCode\VeosFrame\VEOS_NotiApi.c </command>
 <errmsg>COMPILING FAILED  .\GeneratedCode\GenericCode\VeosFrame\VEOS_NotiApi.c</errmsg>
 </job>
 <job genre="execute">
 <startmsg>VEOS_MsgApi.c</startmsg>
 <command>"D:\dSPACE\DSPACE~1.4\build\compiler\gcc\5ACE3~1.5_L\target\X86_64~1\bin\x86_64-linux-gnu-gcc.exe" -x c @.\BinaryArtifacts\KL15_dummy_check\HostPCLinux64_GCC\cCompOpt.dcd -o .\\BinaryArtifacts\\KL15_dummy_check\\HostPCLinux64_GCC\\VEOS_MsgApi.o .\GeneratedCode\GenericCode\VeosFrame\VEOS_MsgApi.c </command>
 <errmsg>COMPILING FAILED  .\GeneratedCode\GenericCode\VeosFrame\VEOS_MsgApi.c</errmsg>
 </job>
 <job genre="execute">
 <startmsg>VEOS_PortApi.c</startmsg>
 <command>"D:\dSPACE\DSPACE~1.4\build\compiler\gcc\5ACE3~1.5_L\target\X86_64~1\bin\x86_64-linux-gnu-gcc.exe" -x c @.\BinaryArtifacts\KL15_dummy_check\HostPCLinux64_GCC\cCompOpt.dcd -o .\\BinaryArtifacts\\KL15_dummy_check\\HostPCLinux64_GCC\\VEOS_PortApi.o .\GeneratedCode\GenericCode\VeosFrame\VEOS_PortApi.c </command>
 <errmsg>COMPILING FAILED  .\GeneratedCode\GenericCode\VeosFrame\VEOS_PortApi.c</errmsg>
 </job>
 <job genre="execute">
 <startmsg>VEOS_OsTskApi.c</startmsg>
 <command>"D:\dSPACE\DSPACE~1.4\build\compiler\gcc\5ACE3~1.5_L\target\X86_64~1\bin\x86_64-linux-gnu-gcc.exe" -x c @.\BinaryArtifacts\KL15_dummy_check\HostPCLinux64_GCC\cCompOpt.dcd -o .\\BinaryArtifacts\\KL15_dummy_check\\HostPCLinux64_GCC\\VEOS_OsTskApi.o .\GeneratedCode\GenericCode\VeosFrame\VEOS_OsTskApi.c </command>
 <errmsg>COMPILING FAILED  .\GeneratedCode\GenericCode\VeosFrame\VEOS_OsTskApi.c</errmsg>
 </job>
 <job genre="execute">
 <startmsg>VEOS_Interaction.c</startmsg>
 <command>"D:\dSPACE\DSPACE~1.4\build\compiler\gcc\5ACE3~1.5_L\target\X86_64~1\bin\x86_64-linux-gnu-gcc.exe" -x c @.\BinaryArtifacts\KL15_dummy_check\HostPCLinux64_GCC\cCompOpt.dcd -o .\\BinaryArtifacts\\KL15_dummy_check\\HostPCLinux64_GCC\\VEOS_Interaction.o .\GeneratedCode\GenericCode\VeosFrame\VEOS_Interaction.c </command>
 <errmsg>COMPILING FAILED  .\GeneratedCode\GenericCode\VeosFrame\VEOS_Interaction.c</errmsg>
 </job>
 <job genre="execute">
 <startmsg>VEOS.c</startmsg>
 <command>"D:\dSPACE\DSPACE~1.4\build\compiler\gcc\5ACE3~1.5_L\target\X86_64~1\bin\x86_64-linux-gnu-gcc.exe" -x c @.\BinaryArtifacts\KL15_dummy_check\HostPCLinux64_GCC\cCompOpt.dcd -o .\\BinaryArtifacts\\KL15_dummy_check\\HostPCLinux64_GCC\\VEOS.o .\GeneratedCode\GenericCode\VeosFrame\VEOS.c </command>
 <errmsg>COMPILING FAILED  .\GeneratedCode\GenericCode\VeosFrame\VEOS.c</errmsg>
 </job>
 <job genre="execute">
 <startmsg>VEOS_Impl.c</startmsg>
 <command>"D:\dSPACE\DSPACE~1.4\build\compiler\gcc\5ACE3~1.5_L\target\X86_64~1\bin\x86_64-linux-gnu-gcc.exe" -x c @.\BinaryArtifacts\KL15_dummy_check\HostPCLinux64_GCC\cCompOpt.dcd -o .\\BinaryArtifacts\\KL15_dummy_check\\HostPCLinux64_GCC\\VEOS_Impl.o .\GeneratedCode\GenericCode\VeosFrame\VEOS_Impl.c </command>
 <errmsg>COMPILING FAILED  .\GeneratedCode\GenericCode\VeosFrame\VEOS_Impl.c</errmsg>
 </job>
 <job genre="execute">
 <startmsg>DsMsgApi.c</startmsg>
 <command>"D:\dSPACE\DSPACE~1.4\build\compiler\gcc\5ACE3~1.5_L\target\X86_64~1\bin\x86_64-linux-gnu-gcc.exe" -x c @.\BinaryArtifacts\KL15_dummy_check\HostPCLinux64_GCC\cCompOpt.dcd -o .\\BinaryArtifacts\\KL15_dummy_check\\HostPCLinux64_GCC\\DsMsgApi.o .\GeneratedCode\LibraryFiles\DsMsgApi\DsMsgApi.c </command>
 <errmsg>COMPILING FAILED  .\GeneratedCode\LibraryFiles\DsMsgApi\DsMsgApi.c</errmsg>
 </job>
</jobs>

