<?xml version="1.0"?>
<jobs>
 <job genre="execute">
 <startmsg>KL15_dummy_check.c</startmsg>
 <command>"D:\dSPACE\DSPACE~1.4\build\compiler\gcc\5ACE3~1.5_L\target\X86_64~1\bin\x86_64-linux-gnu-gcc.exe" @".\BinaryArtifacts\KL15_dummy_check\HostPCLinux64_GCC\KL15_dummy_check.dcd" .\ExtractedData\KL15_dummy_check_dsrt64\KL15_dummy_check.c </command>
 <errmsg>COMPILING FAILED  .\ExtractedData\KL15_dummy_check_dsrt64\KL15_dummy_check.c</errmsg>
 </job>
 <job genre="execute">
 <startmsg>KL15_dummy_check_data.c</startmsg>
 <command>"D:\dSPACE\DSPACE~1.4\build\compiler\gcc\5ACE3~1.5_L\target\X86_64~1\bin\x86_64-linux-gnu-gcc.exe" @".\BinaryArtifacts\KL15_dummy_check\HostPCLinux64_GCC\KL15_dummy_check_data.dcd" .\ExtractedData\KL15_dummy_check_dsrt64\KL15_dummy_check_data.c </command>
 <errmsg>COMPILING FAILED  .\ExtractedData\KL15_dummy_check_dsrt64\KL15_dummy_check_data.c</errmsg>
 </job>
 <job genre="execute">
 <startmsg>KL15_dummy_check_dsrtmdlfcn.c</startmsg>
 <command>"D:\dSPACE\DSPACE~1.4\build\compiler\gcc\5ACE3~1.5_L\target\X86_64~1\bin\x86_64-linux-gnu-gcc.exe" @".\BinaryArtifacts\KL15_dummy_check\HostPCLinux64_GCC\KL15_dummy_check_dsrtmdlfcn.dcd" .\ExtractedData\KL15_dummy_check_dsrt64\KL15_dummy_check_dsrtmdlfcn.c </command>
 <errmsg>COMPILING FAILED  .\ExtractedData\KL15_dummy_check_dsrt64\KL15_dummy_check_dsrtmdlfcn.c</errmsg>
 </job>
 <job genre="execute">
 <startmsg>KL15_dummy_check_dsrtmf.c</startmsg>
 <command>"D:\dSPACE\DSPACE~1.4\build\compiler\gcc\5ACE3~1.5_L\target\X86_64~1\bin\x86_64-linux-gnu-gcc.exe" @".\BinaryArtifacts\KL15_dummy_check\HostPCLinux64_GCC\KL15_dummy_check_dsrtmf.dcd" .\ExtractedData\KL15_dummy_check_dsrt64\KL15_dummy_check_dsrtmf.c </command>
 <errmsg>COMPILING FAILED  .\ExtractedData\KL15_dummy_check_dsrt64\KL15_dummy_check_dsrtmf.c</errmsg>
 </job>
 <job genre="execute">
 <startmsg>KL15_dummy_check_dsrttf.c</startmsg>
 <command>"D:\dSPACE\DSPACE~1.4\build\compiler\gcc\5ACE3~1.5_L\target\X86_64~1\bin\x86_64-linux-gnu-gcc.exe" @".\BinaryArtifacts\KL15_dummy_check\HostPCLinux64_GCC\KL15_dummy_check_dsrttf.dcd" .\ExtractedData\KL15_dummy_check_dsrt64\KL15_dummy_check_dsrttf.c </command>
 <errmsg>COMPILING FAILED  .\ExtractedData\KL15_dummy_check_dsrt64\KL15_dummy_check_dsrttf.c</errmsg>
 </job>
 <job genre="execute">
 <startmsg>KL15_dummy_check_dsrtvdf.c</startmsg>
 <command>"D:\dSPACE\DSPACE~1.4\build\compiler\gcc\5ACE3~1.5_L\target\X86_64~1\bin\x86_64-linux-gnu-gcc.exe" @".\BinaryArtifacts\KL15_dummy_check\HostPCLinux64_GCC\KL15_dummy_check_dsrtvdf.dcd" .\ExtractedData\KL15_dummy_check_dsrt64\KL15_dummy_check_dsrtvdf.c </command>
 <errmsg>COMPILING FAILED  .\ExtractedData\KL15_dummy_check_dsrt64\KL15_dummy_check_dsrtvdf.c</errmsg>
 </job>
</jobs>

