﻿<?xml version="1.0" encoding="utf-8"?>
<SoftwareDescription xmlns="http://www.dspace.com/xml/SoftwareDescription/V1" xmlns:xsi="http://www.w3.org/2001/XMLSchema-instance" xsi:schemaLocation="http://www.dspace.com/xml/SoftwareDescription/V1 SoftwareDescription_1-1-0.xsd">
  <Name>GENERIC</Name>
  <ArtifactData>
    <Name>ArtifactData</Name>
    <Artifacts>
      <ModuleConfigurationFile>
        <Name>Dap.arxml</Name>
        <ModuleName>Dap</ModuleName>
        <ModuleType>/dSPACE_Sim/Dap</ModuleType>
      </ModuleConfigurationFile>
    </Artifacts>
  </ArtifactData>
</SoftwareDescription>