<?xml version="1.0"?>
<jobs>
 <job genre="execute">
 <startmsg>RteIv.c</startmsg>
 <command>"D:\dSPACE\DSPACE~1.4\build\compiler\gcc\5ACE3~1.5_L\target\X86_64~1\bin\x86_64-linux-gnu-gcc.exe" -x c @.\BinaryArtifacts\EcuInstance\HostPCLinux64_GCC\cCompOpt.dcd -o .\\BinaryArtifacts\\EcuInstance\\HostPCLinux64_GCC\\RteIv.o .\ExtractedData\EcuInstance.Rte\RteIv.c </command>
 <errmsg>COMPILING FAILED  .\ExtractedData\EcuInstance.Rte\RteIv.c</errmsg>
 </job>
 <job genre="execute">
 <startmsg>Rte_A_KL15.c</startmsg>
 <command>"D:\dSPACE\DSPACE~1.4\build\compiler\gcc\5ACE3~1.5_L\target\X86_64~1\bin\x86_64-linux-gnu-gcc.exe" -x c @.\BinaryArtifacts\EcuInstance\HostPCLinux64_GCC\cCompOpt.dcd -o .\\BinaryArtifacts\\EcuInstance\\HostPCLinux64_GCC\\Rte_A_KL15.o .\ExtractedData\EcuInstance.Rte\Rte_A_KL15.c </command>
 <errmsg>COMPILING FAILED  .\ExtractedData\EcuInstance.Rte\Rte_A_KL15.c</errmsg>
 </job>
 <job genre="execute">
 <startmsg>SchM.c</startmsg>
 <command>"D:\dSPACE\DSPACE~1.4\build\compiler\gcc\5ACE3~1.5_L\target\X86_64~1\bin\x86_64-linux-gnu-gcc.exe" -x c @.\BinaryArtifacts\EcuInstance\HostPCLinux64_GCC\cCompOpt.dcd -o .\\BinaryArtifacts\\EcuInstance\\HostPCLinux64_GCC\\SchM.o .\ExtractedData\EcuInstance.Rte\SchM.c </command>
 <errmsg>COMPILING FAILED  .\ExtractedData\EcuInstance.Rte\SchM.c</errmsg>
 </job>
 <job genre="execute">
 <startmsg>Rte.c</startmsg>
 <command>"D:\dSPACE\DSPACE~1.4\build\compiler\gcc\5ACE3~1.5_L\target\X86_64~1\bin\x86_64-linux-gnu-gcc.exe" -x c @.\BinaryArtifacts\EcuInstance\HostPCLinux64_GCC\cCompOpt.dcd -o .\\BinaryArtifacts\\EcuInstance\\HostPCLinux64_GCC\\Rte.o .\ExtractedData\EcuInstance.Rte\Rte.c </command>
 <errmsg>COMPILING FAILED  .\ExtractedData\EcuInstance.Rte\Rte.c</errmsg>
 </job>
 <job genre="execute">
 <startmsg>EcuM_States.c</startmsg>
 <command>"D:\dSPACE\DSPACE~1.4\build\compiler\gcc\5ACE3~1.5_L\target\X86_64~1\bin\x86_64-linux-gnu-gcc.exe" -x c @.\BinaryArtifacts\EcuInstance\HostPCLinux64_GCC\cCompOpt.dcd -o .\\BinaryArtifacts\\EcuInstance\\HostPCLinux64_GCC\\EcuM_States.o .\ExtractedData\EcuInstance.EcuM\EcuM_States.c </command>
 <errmsg>COMPILING FAILED  .\ExtractedData\EcuInstance.EcuM\EcuM_States.c</errmsg>
 </job>
 <job genre="execute">
 <startmsg>EcuM.c</startmsg>
 <command>"D:\dSPACE\DSPACE~1.4\build\compiler\gcc\5ACE3~1.5_L\target\X86_64~1\bin\x86_64-linux-gnu-gcc.exe" -x c @.\BinaryArtifacts\EcuInstance\HostPCLinux64_GCC\cCompOpt.dcd -o .\\BinaryArtifacts\\EcuInstance\\HostPCLinux64_GCC\\EcuM.o .\ExtractedData\EcuInstance.EcuM\EcuM.c </command>
 <errmsg>COMPILING FAILED  .\ExtractedData\EcuInstance.EcuM\EcuM.c</errmsg>
 </job>
 <job genre="execute">
 <startmsg>EcuM_Callout.c</startmsg>
 <command>"D:\dSPACE\DSPACE~1.4\build\compiler\gcc\5ACE3~1.5_L\target\X86_64~1\bin\x86_64-linux-gnu-gcc.exe" -x c @.\BinaryArtifacts\EcuInstance\HostPCLinux64_GCC\cCompOpt.dcd -o .\\BinaryArtifacts\\EcuInstance\\HostPCLinux64_GCC\\EcuM_Callout.o .\ExtractedData\EcuInstance.EcuM\EcuM_Callout.c </command>
 <errmsg>COMPILING FAILED  .\ExtractedData\EcuInstance.EcuM\EcuM_Callout.c</errmsg>
 </job>
 <job genre="execute">
 <startmsg>EcuM_PBcfg.c</startmsg>
 <command>"D:\dSPACE\DSPACE~1.4\build\compiler\gcc\5ACE3~1.5_L\target\X86_64~1\bin\x86_64-linux-gnu-gcc.exe" -x c @.\BinaryArtifacts\EcuInstance\HostPCLinux64_GCC\cCompOpt.dcd -o .\\BinaryArtifacts\\EcuInstance\\HostPCLinux64_GCC\\EcuM_PBcfg.o .\ExtractedData\EcuInstance.EcuM\EcuM_PBcfg.c </command>
 <errmsg>COMPILING FAILED  .\ExtractedData\EcuInstance.EcuM\EcuM_PBcfg.c</errmsg>
 </job>
 <job genre="execute">
 <startmsg>A_KL15.c</startmsg>
 <command>"D:\dSPACE\DSPACE~1.4\build\compiler\gcc\5ACE3~1.5_L\target\X86_64~1\bin\x86_64-linux-gnu-gcc.exe" -x c @.\BinaryArtifacts\EcuInstance\HostPCLinux64_GCC\cCompOpt.dcd -o .\\BinaryArtifacts\\EcuInstance\\HostPCLinux64_GCC\\A_KL15.o .\ExtractedData\EcuInstance.A_KL15\A_KL15.c </command>
 <errmsg>COMPILING FAILED  .\ExtractedData\EcuInstance.A_KL15\A_KL15.c</errmsg>
 </job>
 <job genre="execute">
 <startmsg>A_KL15_data.c</startmsg>
 <command>"D:\dSPACE\DSPACE~1.4\build\compiler\gcc\5ACE3~1.5_L\target\X86_64~1\bin\x86_64-linux-gnu-gcc.exe" -x c @.\BinaryArtifacts\EcuInstance\HostPCLinux64_GCC\cCompOpt.dcd -o .\\BinaryArtifacts\\EcuInstance\\HostPCLinux64_GCC\\A_KL15_data.o .\ExtractedData\EcuInstance.A_KL15\A_KL15_data.c </command>
 <errmsg>COMPILING FAILED  .\ExtractedData\EcuInstance.A_KL15\A_KL15_data.c</errmsg>
 </job>
 <job genre="execute">
 <startmsg>Os_Frm_generated.c</startmsg>
 <command>"D:\dSPACE\DSPACE~1.4\build\compiler\gcc\5ACE3~1.5_L\target\X86_64~1\bin\x86_64-linux-gnu-gcc.exe" -x c @.\BinaryArtifacts\EcuInstance\HostPCLinux64_GCC\cCompOpt.dcd -o .\\BinaryArtifacts\\EcuInstance\\HostPCLinux64_GCC\\Os_Frm_generated.o .\GeneratedCode\GeneratedFiles\Os_Frm_generated.c </command>
 <errmsg>COMPILING FAILED  .\GeneratedCode\GeneratedFiles\Os_Frm_generated.c</errmsg>
 </job>
 <job genre="execute">
 <startmsg>Os.c</startmsg>
 <command>"D:\dSPACE\DSPACE~1.4\build\compiler\gcc\5ACE3~1.5_L\target\X86_64~1\bin\x86_64-linux-gnu-gcc.exe" -x c @.\BinaryArtifacts\EcuInstance\HostPCLinux64_GCC\cCompOpt.dcd -o .\\BinaryArtifacts\\EcuInstance\\HostPCLinux64_GCC\\Os.o .\GeneratedCode\GenericCode\AutosarOs\Os.c </command>
 <errmsg>COMPILING FAILED  .\GeneratedCode\GenericCode\AutosarOs\Os.c</errmsg>
 </job>
 <job genre="execute">
 <startmsg>Os_ErrorHandler.c</startmsg>
 <command>"D:\dSPACE\DSPACE~1.4\build\compiler\gcc\5ACE3~1.5_L\target\X86_64~1\bin\x86_64-linux-gnu-gcc.exe" -x c @.\BinaryArtifacts\EcuInstance\HostPCLinux64_GCC\cCompOpt.dcd -o .\\BinaryArtifacts\\EcuInstance\\HostPCLinux64_GCC\\Os_ErrorHandler.o .\GeneratedCode\GenericCode\AutosarOs\Os_ErrorHandler.c </command>
 <errmsg>COMPILING FAILED  .\GeneratedCode\GenericCode\AutosarOs\Os_ErrorHandler.c</errmsg>
 </job>
 <job genre="execute">
 <startmsg>Os_Alarm.c</startmsg>
 <command>"D:\dSPACE\DSPACE~1.4\build\compiler\gcc\5ACE3~1.5_L\target\X86_64~1\bin\x86_64-linux-gnu-gcc.exe" -x c @.\BinaryArtifacts\EcuInstance\HostPCLinux64_GCC\cCompOpt.dcd -o .\\BinaryArtifacts\\EcuInstance\\HostPCLinux64_GCC\\Os_Alarm.o .\GeneratedCode\GenericCode\AutosarOs\Os_Alarm.c </command>
 <errmsg>COMPILING FAILED  .\GeneratedCode\GenericCode\AutosarOs\Os_Alarm.c</errmsg>
 </job>
 <job genre="execute">
 <startmsg>Os_Event.c</startmsg>
 <command>"D:\dSPACE\DSPACE~1.4\build\compiler\gcc\5ACE3~1.5_L\target\X86_64~1\bin\x86_64-linux-gnu-gcc.exe" -x c @.\BinaryArtifacts\EcuInstance\HostPCLinux64_GCC\cCompOpt.dcd -o .\\BinaryArtifacts\\EcuInstance\\HostPCLinux64_GCC\\Os_Event.o .\GeneratedCode\GenericCode\AutosarOs\Os_Event.c </command>
 <errmsg>COMPILING FAILED  .\GeneratedCode\GenericCode\AutosarOs\Os_Event.c</errmsg>
 </job>
 <job genre="execute">
 <startmsg>Os_ResInt.c</startmsg>
 <command>"D:\dSPACE\DSPACE~1.4\build\compiler\gcc\5ACE3~1.5_L\target\X86_64~1\bin\x86_64-linux-gnu-gcc.exe" -x c @.\BinaryArtifacts\EcuInstance\HostPCLinux64_GCC\cCompOpt.dcd -o .\\BinaryArtifacts\\EcuInstance\\HostPCLinux64_GCC\\Os_ResInt.o .\GeneratedCode\GenericCode\AutosarOs\Os_ResInt.c </command>
 <errmsg>COMPILING FAILED  .\GeneratedCode\GenericCode\AutosarOs\Os_ResInt.c</errmsg>
 </job>
 <job genre="execute">
 <startmsg>Os_Task.c</startmsg>
 <command>"D:\dSPACE\DSPACE~1.4\build\compiler\gcc\5ACE3~1.5_L\target\X86_64~1\bin\x86_64-linux-gnu-gcc.exe" -x c @.\BinaryArtifacts\EcuInstance\HostPCLinux64_GCC\cCompOpt.dcd -o .\\BinaryArtifacts\\EcuInstance\\HostPCLinux64_GCC\\Os_Task.o .\GeneratedCode\GenericCode\AutosarOs\Os_Task.c </command>
 <errmsg>COMPILING FAILED  .\GeneratedCode\GenericCode\AutosarOs\Os_Task.c</errmsg>
 </job>
 <job genre="execute">
 <startmsg>Os_SchedTbl.c</startmsg>
 <command>"D:\dSPACE\DSPACE~1.4\build\compiler\gcc\5ACE3~1.5_L\target\X86_64~1\bin\x86_64-linux-gnu-gcc.exe" -x c @.\BinaryArtifacts\EcuInstance\HostPCLinux64_GCC\cCompOpt.dcd -o .\\BinaryArtifacts\\EcuInstance\\HostPCLinux64_GCC\\Os_SchedTbl.o .\GeneratedCode\GenericCode\AutosarOs\Os_SchedTbl.c </command>
 <errmsg>COMPILING FAILED  .\GeneratedCode\GenericCode\AutosarOs\Os_SchedTbl.c</errmsg>
 </job>
 <job genre="execute">
 <startmsg>Os_Counter.c</startmsg>
 <command>"D:\dSPACE\DSPACE~1.4\build\compiler\gcc\5ACE3~1.5_L\target\X86_64~1\bin\x86_64-linux-gnu-gcc.exe" -x c @.\BinaryArtifacts\EcuInstance\HostPCLinux64_GCC\cCompOpt.dcd -o .\\BinaryArtifacts\\EcuInstance\\HostPCLinux64_GCC\\Os_Counter.o .\GeneratedCode\GenericCode\AutosarOs\Os_Counter.c </command>
 <errmsg>COMPILING FAILED  .\GeneratedCode\GenericCode\AutosarOs\Os_Counter.c</errmsg>
 </job>
 <job genre="execute">
 <startmsg>Os_Kernel.c</startmsg>
 <command>"D:\dSPACE\DSPACE~1.4\build\compiler\gcc\5ACE3~1.5_L\target\X86_64~1\bin\x86_64-linux-gnu-gcc.exe" -x c @.\BinaryArtifacts\EcuInstance\HostPCLinux64_GCC\cCompOpt.dcd -o .\\BinaryArtifacts\\EcuInstance\\HostPCLinux64_GCC\\Os_Kernel.o .\GeneratedCode\GenericCode\AutosarOs\Os_Kernel.c </command>
 <errmsg>COMPILING FAILED  .\GeneratedCode\GenericCode\AutosarOs\Os_Kernel.c</errmsg>
 </job>
 <job genre="execute">
 <startmsg>Os_Stubs.c</startmsg>
 <command>"D:\dSPACE\DSPACE~1.4\build\compiler\gcc\5ACE3~1.5_L\target\X86_64~1\bin\x86_64-linux-gnu-gcc.exe" -x c @.\BinaryArtifacts\EcuInstance\HostPCLinux64_GCC\cCompOpt.dcd -o .\\BinaryArtifacts\\EcuInstance\\HostPCLinux64_GCC\\Os_Stubs.o .\GeneratedCode\GenericCode\AutosarOs\Os_Stubs.c </command>
 <errmsg>COMPILING FAILED  .\GeneratedCode\GenericCode\AutosarOs\Os_Stubs.c</errmsg>
 </job>
 <job genre="execute">
 <startmsg>Os_SimulationCore.c</startmsg>
 <command>"D:\dSPACE\DSPACE~1.4\build\compiler\gcc\5ACE3~1.5_L\target\X86_64~1\bin\x86_64-linux-gnu-gcc.exe" -x c @.\BinaryArtifacts\EcuInstance\HostPCLinux64_GCC\cCompOpt.dcd -o .\\BinaryArtifacts\\EcuInstance\\HostPCLinux64_GCC\\Os_SimulationCore.o .\GeneratedCode\GenericCode\AutosarOs\Os_SimulationCore.c </command>
 <errmsg>COMPILING FAILED  .\GeneratedCode\GenericCode\AutosarOs\Os_SimulationCore.c</errmsg>
 </job>
 <job genre="execute">
 <startmsg>Os_EcuCore.c</startmsg>
 <command>"D:\dSPACE\DSPACE~1.4\build\compiler\gcc\5ACE3~1.5_L\target\X86_64~1\bin\x86_64-linux-gnu-gcc.exe" -x c @.\BinaryArtifacts\EcuInstance\HostPCLinux64_GCC\cCompOpt.dcd -o .\\BinaryArtifacts\\EcuInstance\\HostPCLinux64_GCC\\Os_EcuCore.o .\GeneratedCode\GenericCode\AutosarOs\Os_EcuCore.c </command>
 <errmsg>COMPILING FAILED  .\GeneratedCode\GenericCode\AutosarOs\Os_EcuCore.c</errmsg>
 </job>
 <job genre="execute">
 <startmsg>Os_Application.c</startmsg>
 <command>"D:\dSPACE\DSPACE~1.4\build\compiler\gcc\5ACE3~1.5_L\target\X86_64~1\bin\x86_64-linux-gnu-gcc.exe" -x c @.\BinaryArtifacts\EcuInstance\HostPCLinux64_GCC\cCompOpt.dcd -o .\\BinaryArtifacts\\EcuInstance\\HostPCLinux64_GCC\\Os_Application.o .\GeneratedCode\GenericCode\AutosarOs\Os_Application.c </command>
 <errmsg>COMPILING FAILED  .\GeneratedCode\GenericCode\AutosarOs\Os_Application.c</errmsg>
 </job>
 <job genre="execute">
 <startmsg>Os_Spinlock.c</startmsg>
 <command>"D:\dSPACE\DSPACE~1.4\build\compiler\gcc\5ACE3~1.5_L\target\X86_64~1\bin\x86_64-linux-gnu-gcc.exe" -x c @.\BinaryArtifacts\EcuInstance\HostPCLinux64_GCC\cCompOpt.dcd -o .\\BinaryArtifacts\\EcuInstance\\HostPCLinux64_GCC\\Os_Spinlock.o .\GeneratedCode\GenericCode\AutosarOs\Os_Spinlock.c </command>
 <errmsg>COMPILING FAILED  .\GeneratedCode\GenericCode\AutosarOs\Os_Spinlock.c</errmsg>
 </job>
 <job genre="execute">
 <startmsg>Os_Native.c</startmsg>
 <command>"D:\dSPACE\DSPACE~1.4\build\compiler\gcc\5ACE3~1.5_L\target\X86_64~1\bin\x86_64-linux-gnu-gcc.exe" -x c @.\BinaryArtifacts\EcuInstance\HostPCLinux64_GCC\cCompOpt.dcd -o .\\BinaryArtifacts\\EcuInstance\\HostPCLinux64_GCC\\Os_Native.o .\GeneratedCode\GenericCode\AutosarOs\Os_Native.c </command>
 <errmsg>COMPILING FAILED  .\GeneratedCode\GenericCode\AutosarOs\Os_Native.c</errmsg>
 </job>
 <job genre="execute">
 <startmsg>Os_TaskHandlingViaCallbacks.c</startmsg>
 <command>"D:\dSPACE\DSPACE~1.4\build\compiler\gcc\5ACE3~1.5_L\target\X86_64~1\bin\x86_64-linux-gnu-gcc.exe" -x c @.\BinaryArtifacts\EcuInstance\HostPCLinux64_GCC\cCompOpt.dcd -o .\\BinaryArtifacts\\EcuInstance\\HostPCLinux64_GCC\\Os_TaskHandlingViaCallbacks.o .\GeneratedCode\GenericCode\AutosarOs\Os_TaskHandlingViaCallbacks.c </command>
 <errmsg>COMPILING FAILED  .\GeneratedCode\GenericCode\AutosarOs\Os_TaskHandlingViaCallbacks.c</errmsg>
 </job>
 <job genre="execute">
 <startmsg>Sab_Cfg_generated.c</startmsg>
 <command>"D:\dSPACE\DSPACE~1.4\build\compiler\gcc\5ACE3~1.5_L\target\X86_64~1\bin\x86_64-linux-gnu-gcc.exe" -x c @.\BinaryArtifacts\EcuInstance\HostPCLinux64_GCC\cCompOpt.dcd -o .\\BinaryArtifacts\\EcuInstance\\HostPCLinux64_GCC\\Sab_Cfg_generated.o .\GeneratedCode\GeneratedFiles\Sab_Cfg_generated.c </command>
 <errmsg>COMPILING FAILED  .\GeneratedCode\GeneratedFiles\Sab_Cfg_generated.c</errmsg>
 </job>
 <job genre="execute">
 <startmsg>Sab.c</startmsg>
 <command>"D:\dSPACE\DSPACE~1.4\build\compiler\gcc\5ACE3~1.5_L\target\X86_64~1\bin\x86_64-linux-gnu-gcc.exe" -x c @.\BinaryArtifacts\EcuInstance\HostPCLinux64_GCC\cCompOpt.dcd -o .\\BinaryArtifacts\\EcuInstance\\HostPCLinux64_GCC\\Sab.o .\GeneratedCode\GenericCode\SimulatorAbstraction\Sab.c </command>
 <errmsg>COMPILING FAILED  .\GeneratedCode\GenericCode\SimulatorAbstraction\Sab.c</errmsg>
 </job>
 <job genre="execute">
 <startmsg>Sab_MsgApi.c</startmsg>
 <command>"D:\dSPACE\DSPACE~1.4\build\compiler\gcc\5ACE3~1.5_L\target\X86_64~1\bin\x86_64-linux-gnu-gcc.exe" -x c @.\BinaryArtifacts\EcuInstance\HostPCLinux64_GCC\cCompOpt.dcd -o .\\BinaryArtifacts\\EcuInstance\\HostPCLinux64_GCC\\Sab_MsgApi.o .\GeneratedCode\GenericCode\SimulatorAbstraction\Sab_MsgApi.c </command>
 <errmsg>COMPILING FAILED  .\GeneratedCode\GenericCode\SimulatorAbstraction\Sab_MsgApi.c</errmsg>
 </job>
 <job genre="execute">
 <startmsg>Sab_SwTimer.c</startmsg>
 <command>"D:\dSPACE\DSPACE~1.4\build\compiler\gcc\5ACE3~1.5_L\target\X86_64~1\bin\x86_64-linux-gnu-gcc.exe" -x c @.\BinaryArtifacts\EcuInstance\HostPCLinux64_GCC\cCompOpt.dcd -o .\\BinaryArtifacts\\EcuInstance\\HostPCLinux64_GCC\\Sab_SwTimer.o .\GeneratedCode\GenericCode\SimulatorAbstraction\Sab_SwTimer.c </command>
 <errmsg>COMPILING FAILED  .\GeneratedCode\GenericCode\SimulatorAbstraction\Sab_SwTimer.c</errmsg>
 </job>
 <job genre="execute">
 <startmsg>Sab_HwTimer.c</startmsg>
 <command>"D:\dSPACE\DSPACE~1.4\build\compiler\gcc\5ACE3~1.5_L\target\X86_64~1\bin\x86_64-linux-gnu-gcc.exe" -x c @.\BinaryArtifacts\EcuInstance\HostPCLinux64_GCC\cCompOpt.dcd -o .\\BinaryArtifacts\\EcuInstance\\HostPCLinux64_GCC\\Sab_HwTimer.o .\GeneratedCode\GenericCode\SimulatorAbstraction\Sab_HwTimer.c </command>
 <errmsg>COMPILING FAILED  .\GeneratedCode\GenericCode\SimulatorAbstraction\Sab_HwTimer.c</errmsg>
 </job>
 <job genre="execute">
 <startmsg>Sab_Gpt_Stub.c</startmsg>
 <command>"D:\dSPACE\DSPACE~1.4\build\compiler\gcc\5ACE3~1.5_L\target\X86_64~1\bin\x86_64-linux-gnu-gcc.exe" -x c @.\BinaryArtifacts\EcuInstance\HostPCLinux64_GCC\cCompOpt.dcd -o .\\BinaryArtifacts\\EcuInstance\\HostPCLinux64_GCC\\Sab_Gpt_Stub.o .\GeneratedCode\GenericCode\SimulatorAbstraction\Sab_Gpt_Stub.c </command>
 <errmsg>COMPILING FAILED  .\GeneratedCode\GenericCode\SimulatorAbstraction\Sab_Gpt_Stub.c</errmsg>
 </job>
 <job genre="execute">
 <startmsg>Sab_ResourceFile.c</startmsg>
 <command>"D:\dSPACE\DSPACE~1.4\build\compiler\gcc\5ACE3~1.5_L\target\X86_64~1\bin\x86_64-linux-gnu-gcc.exe" -x c @.\BinaryArtifacts\EcuInstance\HostPCLinux64_GCC\cCompOpt.dcd -o .\\BinaryArtifacts\\EcuInstance\\HostPCLinux64_GCC\\Sab_ResourceFile.o .\GeneratedCode\GenericCode\SimulatorAbstraction\Sab_ResourceFile.c </command>
 <errmsg>COMPILING FAILED  .\GeneratedCode\GenericCode\SimulatorAbstraction\Sab_ResourceFile.c</errmsg>
 </job>
 <job genre="execute">
 <startmsg>Dap_Cfg_Inports_generated.c</startmsg>
 <command>"D:\dSPACE\DSPACE~1.4\build\compiler\gcc\5ACE3~1.5_L\target\X86_64~1\bin\x86_64-linux-gnu-gcc.exe" -x c @.\BinaryArtifacts\EcuInstance\HostPCLinux64_GCC\cCompOpt.dcd -o .\\BinaryArtifacts\\EcuInstance\\HostPCLinux64_GCC\\Dap_Cfg_Inports_generated.o .\GeneratedCode\GeneratedFiles\Dap_Cfg_Inports_generated.c </command>
 <errmsg>COMPILING FAILED  .\GeneratedCode\GeneratedFiles\Dap_Cfg_Inports_generated.c</errmsg>
 </job>
 <job genre="execute">
 <startmsg>Dap_Cfg_Outports_generated.c</startmsg>
 <command>"D:\dSPACE\DSPACE~1.4\build\compiler\gcc\5ACE3~1.5_L\target\X86_64~1\bin\x86_64-linux-gnu-gcc.exe" -x c @.\BinaryArtifacts\EcuInstance\HostPCLinux64_GCC\cCompOpt.dcd -o .\\BinaryArtifacts\\EcuInstance\\HostPCLinux64_GCC\\Dap_Cfg_Outports_generated.o .\GeneratedCode\GeneratedFiles\Dap_Cfg_Outports_generated.c </command>
 <errmsg>COMPILING FAILED  .\GeneratedCode\GeneratedFiles\Dap_Cfg_Outports_generated.c</errmsg>
 </job>
 <job genre="execute">
 <startmsg>Dap.c</startmsg>
 <command>"D:\dSPACE\DSPACE~1.4\build\compiler\gcc\5ACE3~1.5_L\target\X86_64~1\bin\x86_64-linux-gnu-gcc.exe" -x c @.\BinaryArtifacts\EcuInstance\HostPCLinux64_GCC\cCompOpt.dcd -o .\\BinaryArtifacts\\EcuInstance\\HostPCLinux64_GCC\\Dap.o .\GeneratedCode\GenericCode\DataAccessPoints\Dap.c </command>
 <errmsg>COMPILING FAILED  .\GeneratedCode\GenericCode\DataAccessPoints\Dap.c</errmsg>
 </job>
 <job genre="execute">
 <startmsg>SmartServices_Cfg_generated.c</startmsg>
 <command>"D:\dSPACE\DSPACE~1.4\build\compiler\gcc\5ACE3~1.5_L\target\X86_64~1\bin\x86_64-linux-gnu-gcc.exe" -x c @.\BinaryArtifacts\EcuInstance\HostPCLinux64_GCC\cCompOpt.dcd -o .\\BinaryArtifacts\\EcuInstance\\HostPCLinux64_GCC\\SmartServices_Cfg_generated.o .\GeneratedCode\GeneratedFiles\SmartServices_Cfg_generated.c </command>
 <errmsg>COMPILING FAILED  .\GeneratedCode\GeneratedFiles\SmartServices_Cfg_generated.c</errmsg>
 </job>
 <job genre="execute">
 <startmsg>SmartServices.c</startmsg>
 <command>"D:\dSPACE\DSPACE~1.4\build\compiler\gcc\5ACE3~1.5_L\target\X86_64~1\bin\x86_64-linux-gnu-gcc.exe" -x c @.\BinaryArtifacts\EcuInstance\HostPCLinux64_GCC\cCompOpt.dcd -o .\\BinaryArtifacts\\EcuInstance\\HostPCLinux64_GCC\\SmartServices.o .\GeneratedCode\GenericCode\SmartServices\SmartServices.c </command>
 <errmsg>COMPILING FAILED  .\GeneratedCode\GenericCode\SmartServices\SmartServices.c</errmsg>
 </job>
 <job genre="execute">
 <startmsg>VEcuAppFrm.c</startmsg>
 <command>"D:\dSPACE\DSPACE~1.4\build\compiler\gcc\5ACE3~1.5_L\target\X86_64~1\bin\x86_64-linux-gnu-gcc.exe" -x c @.\BinaryArtifacts\EcuInstance\HostPCLinux64_GCC\cCompOpt.dcd -o .\\BinaryArtifacts\\EcuInstance\\HostPCLinux64_GCC\\VEcuAppFrm.o .\GeneratedCode\GenericCode\VEcuApplicationFrame\VEcuAppFrm.c </command>
 <errmsg>COMPILING FAILED  .\GeneratedCode\GenericCode\VEcuApplicationFrame\VEcuAppFrm.c</errmsg>
 </job>
 <job genre="execute">
 <startmsg>VEcuAppFrm_Exp.c</startmsg>
 <command>"D:\dSPACE\DSPACE~1.4\build\compiler\gcc\5ACE3~1.5_L\target\X86_64~1\bin\x86_64-linux-gnu-gcc.exe" -x c @.\BinaryArtifacts\EcuInstance\HostPCLinux64_GCC\cCompOpt.dcd -o .\\BinaryArtifacts\\EcuInstance\\HostPCLinux64_GCC\\VEcuAppFrm_Exp.o .\GeneratedCode\GenericCode\VEcuApplicationFrame\VEcuAppFrm_Exp.c </command>
 <errmsg>COMPILING FAILED  .\GeneratedCode\GenericCode\VEcuApplicationFrame\VEcuAppFrm_Exp.c</errmsg>
 </job>
 <job genre="execute">
 <startmsg>VEcuAppFrm_States.c</startmsg>
 <command>"D:\dSPACE\DSPACE~1.4\build\compiler\gcc\5ACE3~1.5_L\target\X86_64~1\bin\x86_64-linux-gnu-gcc.exe" -x c @.\BinaryArtifacts\EcuInstance\HostPCLinux64_GCC\cCompOpt.dcd -o .\\BinaryArtifacts\\EcuInstance\\HostPCLinux64_GCC\\VEcuAppFrm_States.o .\GeneratedCode\GenericCode\VEcuApplicationFrame\VEcuAppFrm_States.c </command>
 <errmsg>COMPILING FAILED  .\GeneratedCode\GenericCode\VEcuApplicationFrame\VEcuAppFrm_States.c</errmsg>
 </job>
 <job genre="execute">
 <startmsg>VEOS_Cfg_generated.c</startmsg>
 <command>"D:\dSPACE\DSPACE~1.4\build\compiler\gcc\5ACE3~1.5_L\target\X86_64~1\bin\x86_64-linux-gnu-gcc.exe" -x c @.\BinaryArtifacts\EcuInstance\HostPCLinux64_GCC\cCompOpt.dcd -o .\\BinaryArtifacts\\EcuInstance\\HostPCLinux64_GCC\\VEOS_Cfg_generated.o .\GeneratedCode\GeneratedFiles\VEOS_Cfg_generated.c </command>
 <errmsg>COMPILING FAILED  .\GeneratedCode\GeneratedFiles\VEOS_Cfg_generated.c</errmsg>
 </job>
 <job genre="execute">
 <startmsg>VEOS_Api.c</startmsg>
 <command>"D:\dSPACE\DSPACE~1.4\build\compiler\gcc\5ACE3~1.5_L\target\X86_64~1\bin\x86_64-linux-gnu-gcc.exe" -x c @.\BinaryArtifacts\EcuInstance\HostPCLinux64_GCC\cCompOpt.dcd -o .\\BinaryArtifacts\\EcuInstance\\HostPCLinux64_GCC\\VEOS_Api.o .\GeneratedCode\GenericCode\VeosFrame\VEOS_Api.c </command>
 <errmsg>COMPILING FAILED  .\GeneratedCode\GenericCode\VeosFrame\VEOS_Api.c</errmsg>
 </job>
 <job genre="execute">
 <startmsg>VEOS_BusApi.c</startmsg>
 <command>"D:\dSPACE\DSPACE~1.4\build\compiler\gcc\5ACE3~1.5_L\target\X86_64~1\bin\x86_64-linux-gnu-gcc.exe" -x c @.\BinaryArtifacts\EcuInstance\HostPCLinux64_GCC\cCompOpt.dcd -o .\\BinaryArtifacts\\EcuInstance\\HostPCLinux64_GCC\\VEOS_BusApi.o .\GeneratedCode\GenericCode\VeosFrame\VEOS_BusApi.c </command>
 <errmsg>COMPILING FAILED  .\GeneratedCode\GenericCode\VeosFrame\VEOS_BusApi.c</errmsg>
 </job>
 <job genre="execute">
 <startmsg>VEOS_ExpApi.c</startmsg>
 <command>"D:\dSPACE\DSPACE~1.4\build\compiler\gcc\5ACE3~1.5_L\target\X86_64~1\bin\x86_64-linux-gnu-gcc.exe" -x c @.\BinaryArtifacts\EcuInstance\HostPCLinux64_GCC\cCompOpt.dcd -o .\\BinaryArtifacts\\EcuInstance\\HostPCLinux64_GCC\\VEOS_ExpApi.o .\GeneratedCode\GenericCode\VeosFrame\VEOS_ExpApi.c </command>
 <errmsg>COMPILING FAILED  .\GeneratedCode\GenericCode\VeosFrame\VEOS_ExpApi.c</errmsg>
 </job>
 <job genre="execute">
 <startmsg>VEOS_SimApi.c</startmsg>
 <command>"D:\dSPACE\DSPACE~1.4\build\compiler\gcc\5ACE3~1.5_L\target\X86_64~1\bin\x86_64-linux-gnu-gcc.exe" -x c @.\BinaryArtifacts\EcuInstance\HostPCLinux64_GCC\cCompOpt.dcd -o .\\BinaryArtifacts\\EcuInstance\\HostPCLinux64_GCC\\VEOS_SimApi.o .\GeneratedCode\GenericCode\VeosFrame\VEOS_SimApi.c </command>
 <errmsg>COMPILING FAILED  .\GeneratedCode\GenericCode\VeosFrame\VEOS_SimApi.c</errmsg>
 </job>
 <job genre="execute">
 <startmsg>VEOS_NotiApi.c</startmsg>
 <command>"D:\dSPACE\DSPACE~1.4\build\compiler\gcc\5ACE3~1.5_L\target\X86_64~1\bin\x86_64-linux-gnu-gcc.exe" -x c @.\BinaryArtifacts\EcuInstance\HostPCLinux64_GCC\cCompOpt.dcd -o .\\BinaryArtifacts\\EcuInstance\\HostPCLinux64_GCC\\VEOS_NotiApi.o .\GeneratedCode\GenericCode\VeosFrame\VEOS_NotiApi.c </command>
 <errmsg>COMPILING FAILED  .\GeneratedCode\GenericCode\VeosFrame\VEOS_NotiApi.c</errmsg>
 </job>
 <job genre="execute">
 <startmsg>VEOS_MsgApi.c</startmsg>
 <command>"D:\dSPACE\DSPACE~1.4\build\compiler\gcc\5ACE3~1.5_L\target\X86_64~1\bin\x86_64-linux-gnu-gcc.exe" -x c @.\BinaryArtifacts\EcuInstance\HostPCLinux64_GCC\cCompOpt.dcd -o .\\BinaryArtifacts\\EcuInstance\\HostPCLinux64_GCC\\VEOS_MsgApi.o .\GeneratedCode\GenericCode\VeosFrame\VEOS_MsgApi.c </command>
 <errmsg>COMPILING FAILED  .\GeneratedCode\GenericCode\VeosFrame\VEOS_MsgApi.c</errmsg>
 </job>
 <job genre="execute">
 <startmsg>VEOS_PortApi.c</startmsg>
 <command>"D:\dSPACE\DSPACE~1.4\build\compiler\gcc\5ACE3~1.5_L\target\X86_64~1\bin\x86_64-linux-gnu-gcc.exe" -x c @.\BinaryArtifacts\EcuInstance\HostPCLinux64_GCC\cCompOpt.dcd -o .\\BinaryArtifacts\\EcuInstance\\HostPCLinux64_GCC\\VEOS_PortApi.o .\GeneratedCode\GenericCode\VeosFrame\VEOS_PortApi.c </command>
 <errmsg>COMPILING FAILED  .\GeneratedCode\GenericCode\VeosFrame\VEOS_PortApi.c</errmsg>
 </job>
 <job genre="execute">
 <startmsg>VEOS_OsTskApi.c</startmsg>
 <command>"D:\dSPACE\DSPACE~1.4\build\compiler\gcc\5ACE3~1.5_L\target\X86_64~1\bin\x86_64-linux-gnu-gcc.exe" -x c @.\BinaryArtifacts\EcuInstance\HostPCLinux64_GCC\cCompOpt.dcd -o .\\BinaryArtifacts\\EcuInstance\\HostPCLinux64_GCC\\VEOS_OsTskApi.o .\GeneratedCode\GenericCode\VeosFrame\VEOS_OsTskApi.c </command>
 <errmsg>COMPILING FAILED  .\GeneratedCode\GenericCode\VeosFrame\VEOS_OsTskApi.c</errmsg>
 </job>
 <job genre="execute">
 <startmsg>VEOS_Interaction.c</startmsg>
 <command>"D:\dSPACE\DSPACE~1.4\build\compiler\gcc\5ACE3~1.5_L\target\X86_64~1\bin\x86_64-linux-gnu-gcc.exe" -x c @.\BinaryArtifacts\EcuInstance\HostPCLinux64_GCC\cCompOpt.dcd -o .\\BinaryArtifacts\\EcuInstance\\HostPCLinux64_GCC\\VEOS_Interaction.o .\GeneratedCode\GenericCode\VeosFrame\VEOS_Interaction.c </command>
 <errmsg>COMPILING FAILED  .\GeneratedCode\GenericCode\VeosFrame\VEOS_Interaction.c</errmsg>
 </job>
 <job genre="execute">
 <startmsg>VEOS.c</startmsg>
 <command>"D:\dSPACE\DSPACE~1.4\build\compiler\gcc\5ACE3~1.5_L\target\X86_64~1\bin\x86_64-linux-gnu-gcc.exe" -x c @.\BinaryArtifacts\EcuInstance\HostPCLinux64_GCC\cCompOpt.dcd -o .\\BinaryArtifacts\\EcuInstance\\HostPCLinux64_GCC\\VEOS.o .\GeneratedCode\GenericCode\VeosFrame\VEOS.c </command>
 <errmsg>COMPILING FAILED  .\GeneratedCode\GenericCode\VeosFrame\VEOS.c</errmsg>
 </job>
 <job genre="execute">
 <startmsg>VEOS_Impl.c</startmsg>
 <command>"D:\dSPACE\DSPACE~1.4\build\compiler\gcc\5ACE3~1.5_L\target\X86_64~1\bin\x86_64-linux-gnu-gcc.exe" -x c @.\BinaryArtifacts\EcuInstance\HostPCLinux64_GCC\cCompOpt.dcd -o .\\BinaryArtifacts\\EcuInstance\\HostPCLinux64_GCC\\VEOS_Impl.o .\GeneratedCode\GenericCode\VeosFrame\VEOS_Impl.c </command>
 <errmsg>COMPILING FAILED  .\GeneratedCode\GenericCode\VeosFrame\VEOS_Impl.c</errmsg>
 </job>
 <job genre="execute">
 <startmsg>DsMsgApi.c</startmsg>
 <command>"D:\dSPACE\DSPACE~1.4\build\compiler\gcc\5ACE3~1.5_L\target\X86_64~1\bin\x86_64-linux-gnu-gcc.exe" -x c @.\BinaryArtifacts\EcuInstance\HostPCLinux64_GCC\cCompOpt.dcd -o .\\BinaryArtifacts\\EcuInstance\\HostPCLinux64_GCC\\DsMsgApi.o .\GeneratedCode\LibraryFiles\DsMsgApi\DsMsgApi.c </command>
 <errmsg>COMPILING FAILED  .\GeneratedCode\LibraryFiles\DsMsgApi\DsMsgApi.c</errmsg>
 </job>
</jobs>

